"user_id","ideal","liberty","love","practicality","self-expression","stability","structure","challenge","closeness","curiosity","excitement","harmony","ideal_uncertainty","liberty_uncertainty","love_uncertainty","practicality_uncertainty","self-expression_uncertainty","stability_uncertainty","structure_uncertainty","challenge_uncertainty","closeness_uncertainty","curiosity_uncertainty","excitement_uncertainty","harmony_uncertainty"
"22878089","0.5440880886172762","0.49999999999916284","0.5","0.5","0.00000000933688881765704","0.4999999999997857","0.49999999999892414","0.49999999999927597","0.999999994228439","0.57514202264979","0.6573370517282792","0.5285188475265117",NULL,NULL,NULL,NULL,NULL,NULL,NULL,NULL,NULL,NULL,NULL,NULL
"24764237","0.5440880886172762","0.49999999999916284","0.5","0.5","0.09127086295950693","0.4999999999997857","0.49999999999892414","0.49999999999927597","0","0.57514202264979","0.6573370517282792","0.5285188475265117",NULL,NULL,NULL,NULL,NULL,NULL,NULL,NULL,NULL,NULL,NULL,NULL
"131682513","0.5440880886172762","0.49999999999916284","0.5","0.5","0.000013730351462570844","0.4999999999997857","0.49999999999892414","0.49999999999927597","0","0.57514202264979","0.0006436158818405868","0.5285188475265117",NULL,NULL,NULL,NULL,NULL,NULL,NULL,NULL,NULL,NULL,NULL,NULL
"247850191","0.0000024845093272718444","0.49999999999916284","0.5","0.5","0.09127086295950693","0.4999999999997857","0.49999999999892414","0.49999999999927597","0","0.57514202264979","0.0036989334425874265","0.5285188475265117",NULL,NULL,NULL,NULL,NULL,NULL,NULL,NULL,NULL,NULL,NULL,NULL
"259598436","0.0000024845093272718444","0.49999999999916284","0.5","0.5","0.09127086295950693","0.4999999999997857","0.49999999999892414","0.49999999999927597","0","0.57514202264979","0.00004910637081240177","0.5285188475265117",NULL,NULL,NULL,NULL,NULL,NULL,NULL,NULL,NULL,NULL,NULL,NULL
